{
  "properties": [
    {
      "name": "spring.datasource.plateform",
      "type": "java.lang.String",
      "description": "Description for spring.datasource.plateform."
    },
    {
      "name": "spring.datasource.plateform",
      "type": "java.lang.String",
      "description": "Description for spring.datasource.plateform."
    },
    {
      "name": "spring.datasource.plateform",
      "type": "java.lang.String",
      "description": "Description for spring.datasource.plateform."
    }
  ] }